{
  "model_performance": {
    "random_forest": {
      "mae": 0.24421385982560795,
      "rmse": 0.3555613149595388,
      "r2": 0.5376428714082628,
      "mean_error": 0.04578801903302783,
      "std_error": 0.352600774260051
    },
    "linear_regression": {
      "mae": 5.262432995318575,
      "rmse": 5.6861496900914785,
      "r2": -117.24563763969239,
      "mean_error": -3.0811776636020705,
      "std_error": 4.778979232372442
    },
    "ridge_regression": {
      "mae": 4.109465888294731,
      "rmse": 4.7507728816905646,
      "r2": -81.54239921981501,
      "mean_error": -2.161441889387012,
      "std_error": 4.230604204154481
    }
  },
  "best_model": "random_forest",
  "training_info": {
    "features": [
      "strike",
      "implied_volatility",
      "open_interest",
      "volume",
      "underlying_price",
      "risk_free_rate",
      "time_to_expiry",
      "moneyness",
      "relative_error_robust",
      "bid_ask_spread",
      "relative_spread",
      "log_moneyness",
      "sqrt_time",
      "vega_proxy",
      "liquidity_score",
      "is_call",
      "is_put",
      "itm",
      "otm",
      "atm",
      "contract_type"
    ],
    "train_samples": 328,
    "test_samples": 83,
    "training_date": "2025-08-28T15:15:32.684624"
  },
  "bootstrap_ci": {
    "mae": [
      0.1969052664889104,
      0.3034611281012639
    ],
    "rmse": [
      0.24220784966250025,
      0.4578104354660399
    ],
    "r2": [
      0.39290971421271664,
      0.6724425714408281
    ]
  },
  "scenario_results": {
    "baseline": {
      "random_forest": {
        "mae": 0.24421385982560795,
        "rmse": 0.3555613149595388,
        "r2": 0.5376428714082628,
        "mean_error": 0.04578801903302783,
        "std_error": 0.352600774260051,
        "median_error": -0.12250871981509052,
        "mae_p95": 0.6274965650582381,
        "mae_p99": 1.4541794793741203,
        "mape": 562.2884617895977,
        "median_ape": 597.0762764139654
      },
      "linear_regression": {
        "mae": 5.262432995318575,
        "rmse": 5.6861496900914785,
        "r2": -117.24563763969239,
        "mean_error": -3.0811776636020705,
        "std_error": 4.778979232372442,
        "median_error": -5.038666422167115,
        "mae_p95": 7.673272909273271,
        "mae_p99": 10.911769469862111,
        "mape": 39279.262847260165,
        "median_ape": 20651.156542823363
      },
      "ridge_regression": {
        "mae": 4.109465888294731,
        "rmse": 4.7507728816905646,
        "r2": -81.54239921981501,
        "mean_error": -2.161441889387012,
        "std_error": 4.230604204154481,
        "median_error": -2.9672459895125156,
        "mae_p95": 7.923357466567194,
        "mae_p99": 12.477821896157526,
        "mape": 35587.16788868004,
        "median_ape": 11056.734097049493
      }
    },
    "high_volatility": {
      "random_forest": {
        "mae": 0.2310809222819848,
        "rmse": 0.36212790945864415,
        "r2": 0.5204073202909035,
        "mean_error": 0.06443568015328449,
        "std_error": 0.3563490787585561,
        "median_error": -0.09658760196034272,
        "mae_p95": 0.7156399086416113,
        "mae_p99": 1.5142127744854452,
        "mape": 471.80650300233367,
        "median_ape": 489.24236661418456
      },
      "linear_regression": {
        "mae": 3.9863692106368758,
        "rmse": 4.809380815966977,
        "r2": -83.5915307662569,
        "mean_error": 0.23384953005841433,
        "std_error": 4.803692145660735,
        "median_error": -2.19771932032227,
        "mae_p95": 10.001023953814125,
        "mae_p99": 13.498023675472052,
        "mape": 18627.453861484377,
        "median_ape": 9032.734712292726
      },
      "ridge_regression": {
        "mae": 3.0578217458369754,
        "rmse": 4.337497275767594,
        "r2": -67.80610608150857,
        "mean_error": 1.5982795637298897,
        "std_error": 4.032292778737017,
        "median_error": 0.2452675272020161,
        "mae_p95": 8.654025298747966,
        "mae_p99": 11.186288240049647,
        "mape": 13174.635452107465,
        "median_ape": 2133.6204753613265
      }
    },
    "low_volatility": {
      "random_forest": {
        "mae": 0.2510061302039817,
        "rmse": 0.36001523231860577,
        "r2": 0.525986944819495,
        "mean_error": 0.0376228625385218,
        "std_error": 0.3580439745559576,
        "median_error": -0.13423934048667735,
        "mae_p95": 0.6851614958173983,
        "mae_p99": 1.4562838449979165,
        "mape": 662.7622576715846,
        "median_ape": 676.3448772478437
      },
      "linear_regression": {
        "mae": 6.212062241649559,
        "rmse": 7.017013683808355,
        "r2": -179.07490631046602,
        "mean_error": -5.070193979798365,
        "std_error": 4.850939501371888,
        "median_error": -6.788844383563991,
        "mae_p95": 9.945196113617506,
        "mae_p99": 13.921780092810646,
        "mape": 51774.22720592846,
        "median_ape": 27510.385006675813
      },
      "ridge_regression": {
        "mae": 5.290747984018051,
        "rmse": 6.282326850076592,
        "r2": -143.34096547811777,
        "mean_error": -4.417274761257153,
        "std_error": 4.4671371519972185,
        "median_error": -4.889983136890965,
        "mae_p95": 10.671509469815291,
        "mae_p99": 15.891610336521198,
        "mape": 49776.26087830386,
        "median_ape": 18442.373487444165
      }
    },
    "time_decay": {
      "random_forest": {
        "mae": 0.2190131319750376,
        "rmse": 0.34766855913061717,
        "r2": 0.5579418661036302,
        "mean_error": 0.07098874688359817,
        "std_error": 0.3403439801492835,
        "median_error": -0.05754691451157862,
        "mae_p95": 0.6274965650582381,
        "mae_p99": 1.4541794793741203,
        "mape": 399.8533934992223,
        "median_ape": 363.5534834811996
      },
      "linear_regression": {
        "mae": 5.73054815604112,
        "rmse": 6.403032712841258,
        "r2": -148.94085806649952,
        "mean_error": -4.314540249465482,
        "std_error": 4.731127810306714,
        "median_error": -6.251482997284316,
        "mae_p95": 8.929220170550591,
        "mae_p99": 12.782181599372485,
        "mape": 45965.541007879736,
        "median_ape": 24205.842689021112
      },
      "ridge_regression": {
        "mae": 4.360949132273116,
        "rmse": 5.122906535368093,
        "r2": -94.98014806651062,
        "mean_error": -2.907521000399915,
        "std_error": 4.217877784188466,
        "median_error": -3.6276449473250003,
        "mae_p95": 8.739251242446011,
        "mae_p99": 13.609261616161636,
        "mape": 39627.21367101504,
        "median_ape": 13207.015863565483
      }
    }
  }
}